공고제목,회사위치,회사이름,"                                                      링크"
"[신입/경력] JAVA, C 언어 개발자 및 설계자 채용",서울 구로구,㈜이지서티,http://www.jobkorea.co.kr//Recruit/GI_Read/31237278?Oem_Code=C1&logpath=1
C언어/JAVA(1명)  컴퓨터 강사모집(전임),서울 강동구,대건정보처리학원,http://www.jobkorea.co.kr//Recruit/GI_Read/31544695?Oem_Code=C1&logpath=1
"[코리아IT아카데미 강남지점] C언어, 리눅스, 씨스코 강사 모집",서울 강남구,㈜코리아정보보안아이티아카데미,http://www.jobkorea.co.kr//Recruit/GI_Read/31529647?Oem_Code=C1&logpath=1
C 언어 가능한 임베디드 프로그래머 모집,경기 군포시,㈜에픽시스템,http://www.jobkorea.co.kr//Recruit/GI_Read/31499504?Oem_Code=C1&logpath=1
[소미전자] C언어 프로그래머 모집 합니다,인천 미추홀구 외,㈜소미전자,http://www.jobkorea.co.kr//Recruit/GI_Read/31412630?Oem_Code=C1&logpath=1
(국기) C언어&파이썬&자바기반 디지털컨버젼스C 강사님을 모집합니다.,서울 강서구,더조은아카데미,http://www.jobkorea.co.kr//Recruit/GI_Read/31401638?Oem_Code=C1&logpath=1
"C언어 파이선 시간강사, 동탄, 2시간에 4만원, 수요일 18시-20시",경기 화성시,코딩랩학원,http://www.jobkorea.co.kr//Recruit/GI_Read/31374517?Oem_Code=C1&logpath=1
개발부 신입사원 모집(C언어 및 기타프로그램개발자 우대),전북 전주시,엘펙,http://www.jobkorea.co.kr//Recruit/GI_Read/31202543?Oem_Code=C1&logpath=1
"[자동차제품 사양설계자/C언어/경력직 연봉협의] 사내식당 점심 무료제공, 기숙사 1인1실 제공",경남 창원시 외,㈜제니엘,http://www.jobkorea.co.kr//Recruit/GI_Read/31560684?Oem_Code=C1&logpath=1
[1인기숙사제공/창원첨단소재산업단지/SW개발팀모집/C언어] 사양설계자 모집,전국,제니엘이노베이션,http://www.jobkorea.co.kr//Recruit/GI_Read/31562859?Oem_Code=C1&logpath=1
"[창원/ 자동차제품 사양설계자/ C언어가능자] 연봉협의, 중식제공, 기숙사제공",경남 창원시 외,㈜제니엘이노베이션,http://www.jobkorea.co.kr//Recruit/GI_Read/31560849?Oem_Code=C1&logpath=1
C언어 펌웨어 개발자,충북 옥천군,농업회사법인㈜넥스트온,http://www.jobkorea.co.kr//Recruit/GI_Read/31552477?Oem_Code=C1&logpath=1
응용프로그램(C#) 개발자 모집 - 언어: C# (.NET),경기 화성시,네오탑,http://www.jobkorea.co.kr//Recruit/GI_Read/31473904?Oem_Code=C1&logpath=1
"각 부문별 경력직 채용(슈퍼바이저,유통사업,경영기획,IT,QC)",서울 성동구 외,원앤원㈜,http://www.jobkorea.co.kr//Recruit/GI_Read/31502428?Oem_Code=C1&logpath=1
2020년 해커스교육그룹 신입 및 경력사원 채용,서울 서초구,㈜해커스어학원,http://www.jobkorea.co.kr//Recruit/GI_Read/31451005?Oem_Code=C1&logpath=1
[무료교육] 자율주행SW 개발전문가 교육생 모집,경기,한컴아카데미,http://www.jobkorea.co.kr//Recruit/GI_Read/31539261?Oem_Code=C1&logpath=1
2020 상반기 각부문별 직원 채용,서울 용산구,유한책임회사 앤서스랩코리아,http://www.jobkorea.co.kr//Recruit/GI_Read/31460027?Oem_Code=C1&logpath=1
[경력직 채용] 인공지능 소프트웨어 엔지니어,경기 성남시,마인즈랩,http://www.jobkorea.co.kr//Recruit/GI_Read/31562599?Oem_Code=C1&logpath=1
[순천병원] 청년(체험형)인턴 신규채용 (일반전형),전남 순천시,근로복지공단,http://www.jobkorea.co.kr//Recruit/GI_Read/31562473?Oem_Code=C1&logpath=1
[순천병원] 기간제근로자(직업적트라우마 전문상담센터) 채용,광주 광산구,근로복지공단,http://www.jobkorea.co.kr//Recruit/GI_Read/31562114?Oem_Code=C1&logpath=1
[순천병원] 기간제근로자(근로자건강센터) 채용,광주 광산구,근로복지공단,http://www.jobkorea.co.kr//Recruit/GI_Read/31561754?Oem_Code=C1&logpath=1
[안산병원] 기간제근로자 채용,경기 수원시,근로복지공단,http://www.jobkorea.co.kr//Recruit/GI_Read/31559622?Oem_Code=C1&logpath=1
"리치플래닛 서비스개발팀 부문별 경력직 모집(백엔드, UI, App)",서울 중구,㈜리치앤코,http://www.jobkorea.co.kr//Recruit/GI_Read/31557301?Oem_Code=C1&logpath=1
"(주) 톱텍 경력사원 모집(제어, 설계, 기구제작, 생산관리)",충남 아산시,㈜톱텍,http://www.jobkorea.co.kr//Recruit/GI_Read/31554303?Oem_Code=C1&logpath=1
연구소 지원 인력(계약직) 모집,경기 화성시,엠케이피㈜,http://www.jobkorea.co.kr//Recruit/GI_Read/31552825?Oem_Code=C1&logpath=1
[JOYCITY] 게임개발 병역특례 전문연구요원 모집 (신규편입/전직),경기 성남시,㈜조이시티,http://www.jobkorea.co.kr//Recruit/GI_Read/31551819?Oem_Code=C1&logpath=1
"IT 분야별 강사님 모집 (프로그래밍, 자격증, NCS, 기타 등)",서울 종로구,㈜KG에듀원,http://www.jobkorea.co.kr//Recruit/GI_Read/31551329?Oem_Code=C1&logpath=1
[ KMPlayer ] MFC 개발 담당자 채용,경기 성남시,㈜판도라티비,http://www.jobkorea.co.kr//Recruit/GI_Read/31541974?Oem_Code=C1&logpath=1
2020년 디지털/ICT 경력직 수시채용[블록체인],서울 중구,㈜신한은행,http://www.jobkorea.co.kr//Recruit/GI_Read/31539568?Oem_Code=C1&logpath=1
2020년 디지털/ICT 경력직 수시채용,서울 중구,㈜신한은행,http://www.jobkorea.co.kr//Recruit/GI_Read/31539537?Oem_Code=C1&logpath=1
20년 FW SW 개발 신입사원 모집,경기 성남시,에스트래픽㈜,http://www.jobkorea.co.kr//Recruit/GI_Read/31538725?Oem_Code=C1&logpath=1
[강소/벤처기업] 각 부문 채용공고 (PMO/JAVA/회계),서울 강서구 외,㈜코비젼,http://www.jobkorea.co.kr//Recruit/GI_Read/31528611?Oem_Code=C1&logpath=1
반도체 장비 Vision S/W개발 경력 모집,경기 안양시,㈜큐엠씨,http://www.jobkorea.co.kr//Recruit/GI_Read/31524291?Oem_Code=C1&logpath=1
각 부문별 경력사원 채용,경기 성남시,SK플래닛㈜,http://www.jobkorea.co.kr//Recruit/GI_Read/31515450?Oem_Code=C1&logpath=1
[2020년] 안전/품질/보건 상시채용 모집(신사업/SW Leader),서울 종로구,지에스건설㈜,http://www.jobkorea.co.kr//Recruit/GI_Read/31512525?Oem_Code=C1&logpath=1
[2020년] 플랜트/주택/건축/인프라 및 안전/품질/ PJT전문직 상시채용 모집,서울 종로구,지에스건설㈜,http://www.jobkorea.co.kr//Recruit/GI_Read/31512277?Oem_Code=C1&logpath=1
Embedded S/W 개발(경력) 모집,서울 서초구,유니슨㈜,http://www.jobkorea.co.kr//Recruit/GI_Read/31506853?Oem_Code=C1&logpath=1
[현대중공업그룹] 2020년도 상반기 그룹 연구 경력사원 모집,경기 성남시 외,현대중공업지주,http://www.jobkorea.co.kr//Recruit/GI_Read/31503674?Oem_Code=C1&logpath=1
[코스닥상장사] 기업부설연구소 소프트웨어개발 경력&신입 모집,경기 성남시,㈜삼진엘앤디,http://www.jobkorea.co.kr//Recruit/GI_Read/31499433?Oem_Code=C1&logpath=1
2020년 상반기 경력직 채용 수시모집[RPA 제품 기술지원/신입가능],경기 성남시,한컴MDS,http://www.jobkorea.co.kr//Recruit/GI_Read/31495580?Oem_Code=C1&logpath=1
[동영상플랫폼] 채용연계형 인턴십 모집 - LIVE / VOD  미디어 서버 개발,경기 성남시,㈜NAVER,http://www.jobkorea.co.kr//Recruit/GI_Read/31414904?Oem_Code=C1&logpath=1
[동영상플랫폼] 채용연계형 인턴십 모집,경기 성남시,㈜NAVER,http://www.jobkorea.co.kr//Recruit/GI_Read/31414790?Oem_Code=C1&logpath=1
음악인식(음악검색/저작권) 서버 개발자 모집,경기 성남시,㈜NAVER,http://www.jobkorea.co.kr//Recruit/GI_Read/31413752?Oem_Code=C1&logpath=1
2020년 경력직 상시채용[AI 대화 SDK 솔루션 기술 개발],서울 서초구,㈜케이티,http://www.jobkorea.co.kr//Recruit/GI_Read/31413426?Oem_Code=C1&logpath=1
2020년 경력직 상시채용,서울 종로구 외,㈜케이티,http://www.jobkorea.co.kr//Recruit/GI_Read/31413241?Oem_Code=C1&logpath=1
[네오플] 서버/클라이언트 프로그래머 모집,제주 제주시,㈜네오플,http://www.jobkorea.co.kr//Recruit/GI_Read/31411549?Oem_Code=C1&logpath=1
[스마트IT]펌웨어 개발 전임-선임급 채용,서울 구로구,㈜네오랩컨버전스,http://www.jobkorea.co.kr//Recruit/GI_Read/31405410?Oem_Code=C1&logpath=1
[메가존] 정보보호 및 개인정보보호 담당자 (신입/경력),서울 강남구,메가존㈜,http://www.jobkorea.co.kr//Recruit/GI_Read/31400205?Oem_Code=C1&logpath=1
[배민서비스실] iOS 개발자 모집,서울 송파구,㈜우아한형제들,http://www.jobkorea.co.kr//Recruit/GI_Read/31396519?Oem_Code=C1&logpath=1
[슈나이더일렉트릭] R&D 임베디드 펌웨어 엔지니어 (5년이상 경력),서울 마포구 외,슈나이더일렉트릭코리아㈜,http://www.jobkorea.co.kr//Recruit/GI_Read/31397623?Oem_Code=C1&logpath=1
온/오프라인 솔루션 및 광고 마케터 모집,경기 광명시 외,㈜코리아센터,http://www.jobkorea.co.kr//Recruit/GI_Read/31396618?Oem_Code=C1&logpath=1
(주)유니테스트 평가 기획 경력(2년 이상) 채용,경기 용인시,㈜유니테스트,http://www.jobkorea.co.kr//Recruit/GI_Read/31396581?Oem_Code=C1&logpath=1
보안SW 솔루션 연구개발직 신입/경력사원 모집,경기 성남시,소프트캠프㈜,http://www.jobkorea.co.kr//Recruit/GI_Read/31396102?Oem_Code=C1&logpath=1
[넷마블] 성능 엔지니어 모집,서울 구로구,넷마블,http://www.jobkorea.co.kr//Recruit/GI_Read/31396069?Oem_Code=C1&logpath=1
20년 자동차전장SW R&D 경력사원 상시채용(반도체응용개발),서울 강남구,현대오트론,http://www.jobkorea.co.kr//Recruit/GI_Read/31392062?Oem_Code=C1&logpath=1
20년 자동차전장SW R&D 경력사원 상시채용(ADAS/ 자율주행 개발),서울 강남구,현대오트론,http://www.jobkorea.co.kr//Recruit/GI_Read/31392000?Oem_Code=C1&logpath=1
20년 자동차전장SW R&D 경력사원 상시채용(제어평가),서울 강남구,현대오트론,http://www.jobkorea.co.kr//Recruit/GI_Read/31391984?Oem_Code=C1&logpath=1
20년 자동차전장SW R&D 경력사원 상시채용(통신사양 SW개발),서울 강남구,현대오트론,http://www.jobkorea.co.kr//Recruit/GI_Read/31391952?Oem_Code=C1&logpath=1
20년 자동차전장SW R&D 경력사원 상시채용(Classic AUTOSAR SW플랫폼),서울 강남구,현대오트론,http://www.jobkorea.co.kr//Recruit/GI_Read/31391920?Oem_Code=C1&logpath=1
20년 자동차전장SW R&D 경력사원 상시채용(파워트레인 SW플랫폼 개발),서울 강남구,현대오트론,http://www.jobkorea.co.kr//Recruit/GI_Read/31391871?Oem_Code=C1&logpath=1
"JAVA,JSP,HTML(5월11일/4-5개월/상일동/중급) 프로그래머를 모십니다.",서울 강동구,㈜에이치와이소프트,http://www.jobkorea.co.kr//Recruit/GI_Read/31516146?Oem_Code=C1&logpath=1
"VB,C#(즉시/8월19일/선릉역/중급or고급) 프로그래머를 모십니다.",서울 강남구,㈜HYSOFT,http://www.jobkorea.co.kr//Recruit/GI_Read/31515843?Oem_Code=C1&logpath=1
"JAVA,Miplatform,보험경험(5월1일/운영/선릉역/초급) 프로그래머를 모십니다.",서울 강남구,㈜에이치와이소프트,http://www.jobkorea.co.kr//Recruit/GI_Read/31515797?Oem_Code=C1&logpath=1
"JAVA,Miplatform(or Xplatform)(5월4일/11월말/회현역/초급or중초) 프로그래머를 모십니다.",서울 중구,㈜에이치와이소프트,http://www.jobkorea.co.kr//Recruit/GI_Read/31515768?Oem_Code=C1&logpath=1
엠투에스-프로그래머 모집,경기 성남시 외,엠투에스,http://www.jobkorea.co.kr//Recruit/GI_Read/31515727?Oem_Code=C1&logpath=1
2020 와이즈넛 솔루션사업본부 경력직 채용,경기 성남시,㈜와이즈넛,http://www.jobkorea.co.kr//Recruit/GI_Read/31515136?Oem_Code=C1&logpath=1
연구개발직 펌웨어 프로그램 경력자 모집,경기 수원시 외,㈜디와이시스템,http://www.jobkorea.co.kr//Recruit/GI_Read/31513461?Oem_Code=C1&logpath=1
2020년도 전문연구요원(병역특례) 인재모집(3개 분야),서울 강남구,㈜솔박스,http://www.jobkorea.co.kr//Recruit/GI_Read/31512823?Oem_Code=C1&logpath=1
플랫폼팀 SW/DevOps/웹 개발 경력인재모집 (3개 분야),서울 강남구,㈜솔박스,http://www.jobkorea.co.kr//Recruit/GI_Read/31512673?Oem_Code=C1&logpath=1
(주)바디프랜드 기술연구소 헬스케어 제품 연구 및 개발 경력 채용,서울 강남구,바디프랜드,http://www.jobkorea.co.kr//Recruit/GI_Read/31511551?Oem_Code=C1&logpath=1
코딩 강사 모집 (파트타이머 가능 / 영어 수업 가능자 우대),서울 강남구,텔로스컨설팅그룹,http://www.jobkorea.co.kr//Recruit/GI_Read/31509123?Oem_Code=C1&logpath=1
ASP.NET / C# 신입사원 채용,서울 구로구,신텍정보시스템㈜,http://www.jobkorea.co.kr//Recruit/GI_Read/31508585?Oem_Code=C1&logpath=1
"C++ / 빅데이터 엔진개발, 데이터 파싱 Hadoop, 인터페이스 개발 모집",경기 이천시,㈜키트넷,http://www.jobkorea.co.kr//Recruit/GI_Read/31507074?Oem_Code=C1&logpath=1
"JAVA,공공(5월중순/2023년6월말운영(6개월단위연장)/용산/중급) 프로그래머를 모십니다.",서울 용산구,㈜에이치와이소프트,http://www.jobkorea.co.kr//Recruit/GI_Read/31504651?Oem_Code=C1&logpath=1
[게임서버/게임기획/2D디자인/PM] 공개채용,서울 성동구,㈜몬스터엠소프트,http://www.jobkorea.co.kr//Recruit/GI_Read/31504648?Oem_Code=C1&logpath=1
"구매관리 / 해외영업 / 센서개발 / 상품기획 / SW, HW개발 인재 채용",서울 강서구,센서텍㈜,http://www.jobkorea.co.kr//Recruit/GI_Read/31502253?Oem_Code=C1&logpath=1
"웹개발, 웹퍼블리셔 정규직 채용",서울 동작구 외,에듀스파박문각,http://www.jobkorea.co.kr//Recruit/GI_Read/31497994?Oem_Code=C1&logpath=1
정부출연 및 민간협력 신규 R&D 개발담당 [병특지정],경기 고양시 외,시그넷이브이,http://www.jobkorea.co.kr//Recruit/GI_Read/31497278?Oem_Code=C1&logpath=1
지도 변환기 및 유관 SW 개발자 채용 공고,서울 성동구,㈜모디엠,http://www.jobkorea.co.kr//Recruit/GI_Read/31496533?Oem_Code=C1&logpath=1
"함께할 ASP, ASP.Net 경력직 (5년이하), 계약직(5년이하,3개월) 각각1분씩 모십니다.(증미역1분거리)",서울 강서구,에듀베이스,http://www.jobkorea.co.kr//Recruit/GI_Read/31494646?Oem_Code=C1&logpath=1
2020년 상반기 경력직 채용 수시모집[임베디드 솔루션 개발],경기 성남시,한컴MDS,http://www.jobkorea.co.kr//Recruit/GI_Read/31495533?Oem_Code=C1&logpath=1
2020년 상반기 경력직 채용 수시모집,경기 성남시,한컴MDS,http://www.jobkorea.co.kr//Recruit/GI_Read/31495437?Oem_Code=C1&logpath=1
[메가존아이티평생교육원] 학점은행제 운영교강사(재택) 모집,전국,메가존㈜,http://www.jobkorea.co.kr//Recruit/GI_Read/31494658?Oem_Code=C1&logpath=1
지문인식 모듈 BSP/FW 개발 채용,경기 성남시,㈜슈프리마,http://www.jobkorea.co.kr//Recruit/GI_Read/31492958?Oem_Code=C1&logpath=1
휴림로봇(주) 연구원 모집,충남 천안시 외,휴림로봇㈜,http://www.jobkorea.co.kr//Recruit/GI_Read/31483490?Oem_Code=C1&logpath=1
[개발]위메프오 서비스 서버개발자(정규직),서울 강남구,㈜위메프,http://www.jobkorea.co.kr//Recruit/GI_Read/31460243?Oem_Code=C1&logpath=1
2분기 개발자 채용,서울 서초구,㈜이스트게임즈,http://www.jobkorea.co.kr//Recruit/GI_Read/31452129?Oem_Code=C1&logpath=1
[Search & Clova] Commerce AI 기술 개발 신입/경력사원 모집,경기 성남시,㈜NAVER,http://www.jobkorea.co.kr//Recruit/GI_Read/31451377?Oem_Code=C1&logpath=1
2020년 신입 및 경력 채용,경기 성남시 외,㈜디알텍,http://www.jobkorea.co.kr//Recruit/GI_Read/31450800?Oem_Code=C1&logpath=1
디스플레이 장비제어 소프트웨어 개발 신입or경력직 채용,경기 수원시,㈜비아트론,http://www.jobkorea.co.kr//Recruit/GI_Read/31448288?Oem_Code=C1&logpath=1
[Search&Clova] Clova AI NSML 개발자 신입/경력사원 모집,경기 성남시,㈜NAVER,http://www.jobkorea.co.kr//Recruit/GI_Read/31446622?Oem_Code=C1&logpath=1
경력사원 채용,경기 군포시 외,현대오토에버㈜,http://www.jobkorea.co.kr//Recruit/GI_Read/31441222?Oem_Code=C1&logpath=1
[메가존클라우드] 2020년 상반기 Enterprise Tech 부문 채용,서울 강남구,메가존,http://www.jobkorea.co.kr//Recruit/GI_Read/31426245?Oem_Code=C1&logpath=1
[메가존클라우드] 2020년 상반기 Tech 부문 채용,서울 강남구,메가존,http://www.jobkorea.co.kr//Recruit/GI_Read/31426238?Oem_Code=C1&logpath=1
[메가존] 2020년 상반기 구글클라우드 직무별 채용,서울 강남구,메가존㈜,http://www.jobkorea.co.kr//Recruit/GI_Read/31427125?Oem_Code=C1&logpath=1
[메가존클라우드] 2020년 상반기 DevOps 부문 채용,서울 강남구,메가존,http://www.jobkorea.co.kr//Recruit/GI_Read/31426241?Oem_Code=C1&logpath=1
[경력-DRAM] 개발 Back-End Test & Analysis 경력사원 모집,경기 이천시,SK하이닉스,http://www.jobkorea.co.kr//Recruit/GI_Read/31438100?Oem_Code=C1&logpath=1
2020년 신입석박사 상시채용,서울 강서구 외,케이티,http://www.jobkorea.co.kr//Recruit/GI_Read/31434393?Oem_Code=C1&logpath=1
[넷마블] 라이브러리 개발자,서울 구로구,넷마블,http://www.jobkorea.co.kr//Recruit/GI_Read/31431077?Oem_Code=C1&logpath=1
R&D 부문별 채용(신규채용 추가 및 마감 업데이트),서울 송파구,㈜유니온커뮤니티,http://www.jobkorea.co.kr//Recruit/GI_Read/31429742?Oem_Code=C1&logpath=1
"[상장사/보라매역] S/W개발자 大모집(Android, Back-end)",서울 영등포구,현대통신㈜,http://www.jobkorea.co.kr//Recruit/GI_Read/31270582?Oem_Code=C1&logpath=1
[KCEI] 연구개발직 신입 및 경력 채용,서울 구로구 외,㈜케이씨이아이,http://www.jobkorea.co.kr//Recruit/GI_Read/31258300?Oem_Code=C1&logpath=1
보안SW 솔루션 엔지니어 모집 (신입/경력),경기 성남시,소프트캠프㈜,http://www.jobkorea.co.kr//Recruit/GI_Read/31249068?Oem_Code=C1&logpath=1
IT팀 ERP개발 신입/경력 채용,경기 김포시,㈜상보,http://www.jobkorea.co.kr//Recruit/GI_Read/31230204?Oem_Code=C1&logpath=1
IT Security Engineer (정보보안 기술부문),서울 전지역 외,유한책임회사 딜리버리히어로코리아,http://www.jobkorea.co.kr//Recruit/GI_Read/31220609?Oem_Code=C1&logpath=1
[네오위즈] 각 부문 신입/경력 담당자 모집,경기 성남시,㈜네오위즈,http://www.jobkorea.co.kr//Recruit/GI_Read/31218494?Oem_Code=C1&logpath=1
(주)넥스지 네트워크 보안 SW개발자 경력직 채용,서울 마포구 외,㈜넥스지,http://www.jobkorea.co.kr//Recruit/GI_Read/31204387?Oem_Code=C1&logpath=1
[일진그룹 계열사] 초음파 진단기 신호 영상처리 엔지니어 (IOP),경기 안양시,알피니언메디칼시스템㈜,http://www.jobkorea.co.kr//Recruit/GI_Read/31188981?Oem_Code=C1&logpath=1
의료기기 FW개발자 채용,경기 안양시,㈜오상헬스케어,http://www.jobkorea.co.kr//Recruit/GI_Read/31181243?Oem_Code=C1&logpath=1
고급 IT 엔지니어 모집,일본 도쿄,㈜ASCOM,http://www.jobkorea.co.kr//Recruit/GI_Read/31122998?Oem_Code=C1&logpath=1
인공지능(AI)기반 QA 개발 직군 채용,서울 관악구,포티투마루,http://www.jobkorea.co.kr//Recruit/GI_Read/31081401?Oem_Code=C1&logpath=1
[포티투마루] 산업기능요원 병역특례 개발자(보충역/전직) 모집,서울 관악구,포티투마루,http://www.jobkorea.co.kr//Recruit/GI_Read/31036416?Oem_Code=C1&logpath=1
Backend Developer,서울 전지역 외,유한책임회사 딜리버리히어로코리아,http://www.jobkorea.co.kr//Recruit/GI_Read/30890704?Oem_Code=C1&logpath=1
"[코리아IT아카데미 신촌] 프로그래밍(C, 파이썬, 자바, 안드로이드 등) 강사 채용",서울 서대문구,코리아정보보안아이티아카데미신촌,http://www.jobkorea.co.kr//Recruit/GI_Read/31467290?Oem_Code=C1&logpath=1
[훈련수당 220만원지급] 취준생을 위한 맞춤형 자바개발자 취업지원 과정,서울 종로구 외,에이치비아이기술연구소,http://www.jobkorea.co.kr//Recruit/GI_Read/31565543?Oem_Code=C1&logpath=1
[훈련수당 220만원지급] 자바와 C를 활용한 융합소프트웨어 개발자 양성과정,서울 종로구 외,에이치비아이기술연구소,http://www.jobkorea.co.kr//Recruit/GI_Read/31565540?Oem_Code=C1&logpath=1
[국비지원 해외취업연수] 일본IT해외취업/JAVA/웹프로그래머/시스템개발자/일본취업 연수생 모집,세종 전지역 외,제이에스엘인재개발원,http://www.jobkorea.co.kr//Recruit/GI_Read/31414786?Oem_Code=C1&logpath=1
[고용노동부 IT직업훈련]SW개발 교육과정 강사 채용공고,충남 천안시 외,휴먼교육센터,http://www.jobkorea.co.kr//Recruit/GI_Read/31410506?Oem_Code=C1&logpath=1
[코리아IT아카데미 신촌] 웹개발(안드로이드) 강사 채용 / 평일 주말 강의 / 직업훈련교사 / NCS,서울 서대문구 외,코리아정보보안아이티아카데미신촌,http://www.jobkorea.co.kr//Recruit/GI_Read/31239790?Oem_Code=C1&logpath=1
"04월17일일갱신다양한업무-광화문보험사여신보험홈페이지mdd rsa ncrm경험자si sm다수, 상암은행 바젤or리스크or은행경험자, 여의63빌딩계약변경사고지급or보험업무?여험자 그외다양한업무",서울 전지역 외,㈜서울시스템서비스,http://www.jobkorea.co.kr//Recruit/GI_Read/31563974?Oem_Code=C1&logpath=1
20년 자동차전장SW R&D 경력사원 상시채용(파워트레인 통합검증),서울 강남구,현대오트론,http://www.jobkorea.co.kr//Recruit/GI_Read/31391831?Oem_Code=C1&logpath=1
20년 자동차전장SW R&D 경력사원 상시채용[친환경차/전동화(모터제어로직 개발)],서울 강남구,현대오트론,http://www.jobkorea.co.kr//Recruit/GI_Read/31391718?Oem_Code=C1&logpath=1
20년 자동차전장SW R&D 경력사원 상시채용[친환경차/전동화(환경차 전용 임베디드 SW개발)],서울 강남구,현대오트론,http://www.jobkorea.co.kr//Recruit/GI_Read/31391694?Oem_Code=C1&logpath=1
20년 자동차전장SW R&D 경력사원 상시채용[친환경차/전동화(차량 제어로직 개발)],서울 강남구,현대오트론,http://www.jobkorea.co.kr//Recruit/GI_Read/31391641?Oem_Code=C1&logpath=1
[개발]상담시스템 백엔드 개발자(정규직),서울 강남구,㈜위메프,http://www.jobkorea.co.kr//Recruit/GI_Read/31391527?Oem_Code=C1&logpath=1
2020년 상반기 SW개발본부 각 부문별 채용[서울사무소],경기 전지역 외,㈜피엠그로우,http://www.jobkorea.co.kr//Recruit/GI_Read/31376911?Oem_Code=C1&logpath=1
하이트론씨스템즈 정규직 채용 (연구소),경기 안성시 외,㈜하이트론씨스템즈,http://www.jobkorea.co.kr//Recruit/GI_Read/31376125?Oem_Code=C1&logpath=1
"알앤비소프트(비에이템) 영업/기획,컨설팅/개발자 모집",경기 성남시,㈜알앤비소프트,http://www.jobkorea.co.kr//Recruit/GI_Read/31361092?Oem_Code=C1&logpath=1
2020년 경력사원 상시채용[어플리케이션 개발 및 운영],서울 서초구 외,현대IT&E,http://www.jobkorea.co.kr//Recruit/GI_Read/31351231?Oem_Code=C1&logpath=1
2020년 경력사원 상시채용,서울 서초구 외,현대IT&E,http://www.jobkorea.co.kr//Recruit/GI_Read/31351184?Oem_Code=C1&logpath=1
[큐셀]시스템개발팀 경력사원 모집[임베디드 SW 개발자 담당자],서울 중구,한화솔루션,http://www.jobkorea.co.kr//Recruit/GI_Read/31350443?Oem_Code=C1&logpath=1
[큐셀]시스템개발팀 경력사원 모집[Data Scientist],서울 중구,한화솔루션,http://www.jobkorea.co.kr//Recruit/GI_Read/31350429?Oem_Code=C1&logpath=1
[큐셀]시스템개발팀 경력사원 모집,서울 중구,한화솔루션,http://www.jobkorea.co.kr//Recruit/GI_Read/31350306?Oem_Code=C1&logpath=1
[네모] 슈가힐 웹개발자 모집(보충역 산업기능요원),서울 강남구,슈가힐,http://www.jobkorea.co.kr//Recruit/GI_Read/31335312?Oem_Code=C1&logpath=1
[검색/추천] ML Engineer,서울 전지역 외,유한책임회사 딜리버리히어로코리아,http://www.jobkorea.co.kr//Recruit/GI_Read/31332678?Oem_Code=C1&logpath=1
[외국계] 어드밴텍케이알㈜ 각 부분별 수시채용,서울 강서구,어드밴텍케이알㈜,http://www.jobkorea.co.kr//Recruit/GI_Read/31331735?Oem_Code=C1&logpath=1
"(신입/경력) Python, C#, JAVA 개발자",인천 부평구,오상자이엘 ㈜,http://www.jobkorea.co.kr//Recruit/GI_Read/31321696?Oem_Code=C1&logpath=1
WEB / APP / 응용프로그램 개발자 경력자 채용,경기 하남시,㈜아비즈,http://www.jobkorea.co.kr//Recruit/GI_Read/31314873?Oem_Code=C1&logpath=1
[행복]을 코딩할 PHP WEB 개발자,서울 강남구,㈜플레이스엠,http://www.jobkorea.co.kr//Recruit/GI_Read/31288702?Oem_Code=C1&logpath=1
[인텔리전스랩스] 게임 그래픽스 프로그래머 모집,경기 성남시,㈜넥슨코리아,http://www.jobkorea.co.kr//Recruit/GI_Read/31287435?Oem_Code=C1&logpath=1
외국어 교육 운영 및 학습관리 담당자를 찾습니다 : ),서울 강남구,㈜일공일랩(101 LAB INC.),http://www.jobkorea.co.kr//Recruit/GI_Read/31563084?Oem_Code=C1&logpath=1
전기·전자·제어 Firmware 부문 채용,경기 군포시,㈜ UCT,http://www.jobkorea.co.kr//Recruit/GI_Read/31562617?Oem_Code=C1&logpath=1
"Python(즉시/12월말/시청/중급,고급) 프로그래머를 모십니다.",서울 중구,㈜에이치와이소프트,http://www.jobkorea.co.kr//Recruit/GI_Read/31562377?Oem_Code=C1&logpath=1
주식회사 씨엘인터내셔널 연구원 SW 채용공고(부설연구소 경력직모집),경기 성남시,㈜씨엘인터내셔널,http://www.jobkorea.co.kr//Recruit/GI_Read/31562212?Oem_Code=C1&logpath=1
"JAVA,.NET,ABAP,NW,OP,DW,ETL,OLAP,DBA,ASP,COBOL,VB,PHP초빙(업체도 지원가능)-19.04.17",서울 강남구,㈜아스텍시스템,http://www.jobkorea.co.kr//Recruit/GI_Read/31562060?Oem_Code=C1&logpath=1
APP 개발자 모집 (iOS/Android),서울 강남구 외,리버스랩,http://www.jobkorea.co.kr//Recruit/GI_Read/31560915?Oem_Code=C1&logpath=1
(G)소프트엔지니어 채용,전국,쁘띠홍,http://www.jobkorea.co.kr//Recruit/GI_Read/31560526?Oem_Code=C1&logpath=1
"JAVA,Spring(즉시/2개월/강남역/중급) 프로그래머를 모십니다.",서울 강남구,㈜에이치와이소프트,http://www.jobkorea.co.kr//Recruit/GI_Read/31560492?Oem_Code=C1&logpath=1
Python 서버 개발자 모집,서울 강남구,아이메디신,http://www.jobkorea.co.kr//Recruit/GI_Read/31560466?Oem_Code=C1&logpath=1
1. 은행/보험/증권/병원/디자인/기획/퍼블리셔/QMS/튜닝/Nexacro/BIZWeb/MES/IOS/Android/VC++/C++/C#.NET/Java,경북 구미시 외,토피아정보기술㈜,http://www.jobkorea.co.kr//Recruit/GI_Read/31560351?Oem_Code=C1&logpath=1
"(경력)웹기반 데이터 수집, 운영 및 관리 개발 담당자 채용",서울 용산구,다음소프트,http://www.jobkorea.co.kr//Recruit/GI_Read/31560217?Oem_Code=C1&logpath=1
[ 프로그램 개발 ] 정규직 직원 모집,경기 안양시 외,케이투레이저시스템㈜,http://www.jobkorea.co.kr//Recruit/GI_Read/31559423?Oem_Code=C1&logpath=1
안드로이드(즉시/5개월/충남아산/중급) 프로그래머를 모십니다.,충남 아산시,㈜에이치와이소프트,http://www.jobkorea.co.kr//Recruit/GI_Read/31559137?Oem_Code=C1&logpath=1
"C#,WPF(5월1일2021년3월말/강변역/고급) 프로그래머를 모십니다.",서울 광진구,㈜에이치와이소프트,http://www.jobkorea.co.kr//Recruit/GI_Read/31558959?Oem_Code=C1&logpath=1
"JAVA,Javascript(5월1일/10월말/방배/중급) 프로그래머를 모십니다.",서울 서초구,㈜에이치와이소프트,http://www.jobkorea.co.kr//Recruit/GI_Read/31558727?Oem_Code=C1&logpath=1
"[ JAVA 개발자(중급)/ 12월까지]  JAVA, Spring 사용 개발자 직원 채용(솔루션 커스트마이징(전자문서))",서울 전지역 외,JMP코리아,http://www.jobkorea.co.kr//Recruit/GI_Read/31555871?Oem_Code=C1&logpath=1
2020년 상반기 각 부문 신입/경력 채용,서울 금천구 외,㈜스탠드포인트,http://www.jobkorea.co.kr//Recruit/GI_Read/31553632?Oem_Code=C1&logpath=1
"04월17일일갱신다양한업무- mdd rsa ncrm경험자,보험시청을지로종각운영지급보전회계계리계약심사보험금지급입금영업수당수수료신계약변경가입설계, 강남자산운용사si차세대orS사경험or금융경험자,의왕java서버단api경험자,남대문dw olap경험자mstr  그외다양한업무",서울 전지역 외,㈜서울시스템서비스,http://www.jobkorea.co.kr//Recruit/GI_Read/31554539?Oem_Code=C1&logpath=1
[신입&경력] IOS 앱개발 / 웹개발 Java·JSP 정규직 채용,서울 금천구,델피콤㈜,http://www.jobkorea.co.kr//Recruit/GI_Read/31554352?Oem_Code=C1&logpath=1
"가상자산(가상화폐)거래소 고팍스 개발직군 (신입,경력) 모집",서울 송파구,스트리미,http://www.jobkorea.co.kr//Recruit/GI_Read/31553968?Oem_Code=C1&logpath=1
"2020년 신입, 경력 부문 모집 (개발자 / AA / TA).",경기 전지역 외,㈜윈비트,http://www.jobkorea.co.kr//Recruit/GI_Read/31552931?Oem_Code=C1&logpath=1
[청춘세탁] 주식회사 청세에서 개발자를 찾습니다. :-),전북 전주시,청세,http://www.jobkorea.co.kr//Recruit/GI_Read/31551882?Oem_Code=C1&logpath=1
소프트웨어/펌웨어 개발직 채용,서울 금천구,㈜유토닉스,http://www.jobkorea.co.kr//Recruit/GI_Read/31551727?Oem_Code=C1&logpath=1
[넷마블계열사]웹개발경력자 모집,서울 전지역 외,에브리플레이,http://www.jobkorea.co.kr//Recruit/GI_Read/31551525?Oem_Code=C1&logpath=1
하드웨어 PM 및 펌웨어 개발,서울 구로구,에스에이텍,http://www.jobkorea.co.kr//Recruit/GI_Read/31549111?Oem_Code=C1&logpath=1
(주)다이얼로그스페이스 신입직원 모집,서울 구로구,다이얼로그스페이스,http://www.jobkorea.co.kr//Recruit/GI_Read/31548639?Oem_Code=C1&logpath=1
[미트박스]웹 / 앱 개발자 경력사원 모집,경기 성남시 외,㈜글로벌네트웍스,http://www.jobkorea.co.kr//Recruit/GI_Read/31548601?Oem_Code=C1&logpath=1
"전산팀원 채용 (ERP 유지보수,개발,커스터마이징 - C#, ASP)",경기 고양시,하이시스이엔지,http://www.jobkorea.co.kr//Recruit/GI_Read/31548457?Oem_Code=C1&logpath=1
[신기술사업부] S/W 개발 부문 신입 및 경력 채용,서울 전지역,㈜오픈오브젝트,http://www.jobkorea.co.kr//Recruit/GI_Read/31547378?Oem_Code=C1&logpath=1
[급성장 스타트업] 개발기획 및 기술지원(팀장/팀원) 채용,서울 금천구,㈜에버스핀,http://www.jobkorea.co.kr//Recruit/GI_Read/31546903?Oem_Code=C1&logpath=1
블록체인 개발자 정규직 채용,서울 구로구,㈜위고컴퍼니,http://www.jobkorea.co.kr//Recruit/GI_Read/31546761?Oem_Code=C1&logpath=1
각 부문별 개발자 정규직&계약직 채용,경기 성남시 외,㈜브릭,http://www.jobkorea.co.kr//Recruit/GI_Read/31546032?Oem_Code=C1&logpath=1
컴퓨터 방문교사 모집,서울 강남구 외,컴키드홈스쿨,http://www.jobkorea.co.kr//Recruit/GI_Read/31545297?Oem_Code=C1&logpath=1
"[전액 국비무료]정보보안, 멀티미디어콘텐츠제작, AWS 기반 클라우드 운영, IOT 임베디드 응용프로그래머 교육생 모집",서울 노원구 외,㈜대우능력개발교육원,http://www.jobkorea.co.kr//Recruit/GI_Read/31536774?Oem_Code=C1&logpath=1
10376. JAVA 신한신용정보 장기 - 계약직(3명),서울 전지역,㈜베스티아소프트,http://www.jobkorea.co.kr//Recruit/GI_Read/31540375?Oem_Code=C1&logpath=1
응용프로그래머 모집,전북 익산시,클컴미디어,http://www.jobkorea.co.kr//Recruit/GI_Read/31539938?Oem_Code=C1&logpath=1
각 부문 신입/경력 채용,경기 고양시 외,중앙제어㈜,http://www.jobkorea.co.kr//Recruit/GI_Read/31538618?Oem_Code=C1&logpath=1
일본 오사카 IT 경력자 모집,강원,㈜리크루트재팬,http://www.jobkorea.co.kr//Recruit/GI_Read/31538460?Oem_Code=C1&logpath=1
일본 도쿄 IT 한국인 정규직 채용,강원,㈜리크루트재팬,http://www.jobkorea.co.kr//Recruit/GI_Read/31538434?Oem_Code=C1&logpath=1
데이터베이스 마이닝 및 적용 연구원 모집,대구 남구,㈜아크데이타,http://www.jobkorea.co.kr//Recruit/GI_Read/31538118?Oem_Code=C1&logpath=1
"개발자 신입 및 경력사원 모집 C,JAVA,HTML",대구 남구,㈜아크데이타,http://www.jobkorea.co.kr//Recruit/GI_Read/31536707?Oem_Code=C1&logpath=1
스마트공장 솔루션 구축 경력자 (MES/POP) 구합니다.,서울 종로구,크리샤㈜,http://www.jobkorea.co.kr//Recruit/GI_Read/31535954?Oem_Code=C1&logpath=1
소람한방병원 전산팀 경력사원 채용,서울 강남구,소람한방병원,http://www.jobkorea.co.kr//Recruit/GI_Read/31535608?Oem_Code=C1&logpath=1
[코딩강사]코딩플러스 프로그래밍 강사 모집 공고,서울 동작구,코딩플러스학원,http://www.jobkorea.co.kr//Recruit/GI_Read/31532974?Oem_Code=C1&logpath=1
"응용프로그래머 및 머신비전, 알고리즘,영상처리,AI 개발자",서울 금천구,㈜펨트론,http://www.jobkorea.co.kr//Recruit/GI_Read/31532828?Oem_Code=C1&logpath=1
경력개발자 공개채용,경기 성남시 외,㈜아와소프트,http://www.jobkorea.co.kr//Recruit/GI_Read/31532748?Oem_Code=C1&logpath=1
아드반테스트코리아(주) 신입/경력사원 채용,경기 용인시 외,아드반테스트코리아㈜,http://www.jobkorea.co.kr//Recruit/GI_Read/31531759?Oem_Code=C1&logpath=1
"음악 데이터 처리 및 알고리즘 개발자 채용 (python 필수, 컴퓨터공학과 우대)",서울 서초구,업보트엔터,http://www.jobkorea.co.kr//Recruit/GI_Read/31530681?Oem_Code=C1&logpath=1
(정규직) KLOOK 사업개발팀 경력직 채용,서울 강남구,유한회사 클룩트래블테크놀러지,http://www.jobkorea.co.kr//Recruit/GI_Read/31530465?Oem_Code=C1&logpath=1
클라이언트 개발자 채용,서울 금천구,한비,http://www.jobkorea.co.kr//Recruit/GI_Read/31529809?Oem_Code=C1&logpath=1
(주)쏘우웨이브 임베디드S/W 개발자 모집,경기 성남시,㈜쏘우웨이브,http://www.jobkorea.co.kr//Recruit/GI_Read/31528997?Oem_Code=C1&logpath=1
세상을 바꿀 IOS앱개발자를 찾습니다.,서울 구로구 외,듀얼오스,http://www.jobkorea.co.kr//Recruit/GI_Read/31527864?Oem_Code=C1&logpath=1
IT팀 경력직사원 채용,서울 서초구,㈜한국몬테소리,http://www.jobkorea.co.kr//Recruit/GI_Read/31527988?Oem_Code=C1&logpath=1
(주)비욘드아이앤씨 Back-End 개발자 경력직 채용,서울 동대문구,㈜비욘드아이앤씨,http://www.jobkorea.co.kr//Recruit/GI_Read/31526736?Oem_Code=C1&logpath=1
기술연구소 F/W 개발 정규직 채용공고,서울 구로구,㈜아트웨어,http://www.jobkorea.co.kr//Recruit/GI_Read/31524895?Oem_Code=C1&logpath=1
"기초코딩(C,파이썬등) 교육강사채용",울산 남구 외,유씨에이컨설팅,http://www.jobkorea.co.kr//Recruit/GI_Read/31522891?Oem_Code=C1&logpath=1
"(python, tensorflow) 인공지능 음원 학습모델 개발/ 데이터 처리 연구직 채용",서울 서초구,업보트엔터,http://www.jobkorea.co.kr//Recruit/GI_Read/31521659?Oem_Code=C1&logpath=1
[강남] 영어 번역작가 / 동시통역 / 발표,서울 강남구 외,인재사관학교㈜,http://www.jobkorea.co.kr//Recruit/GI_Read/31519902?Oem_Code=C1&logpath=1
프로그램 개발 신입/경력사원 모집,서울 영등포구 외,㈜트인기술,http://www.jobkorea.co.kr//Recruit/GI_Read/31516641?Oem_Code=C1&logpath=1
"데이터엔지니어, 소프트웨어 개발자 모집",대전 유성구,슈어데이터랩㈜,http://www.jobkorea.co.kr//Recruit/GI_Read/31516683?Oem_Code=C1&logpath=1
