공고제목,회사위치,회사이름,링크
"개발, 분석(경력) 수시채용(Python개발자)",경기 성남시,㈜윈스,http://www.jobkorea.co.kr//Recruit/GI_Read/31526180?Oem_Code=C1&logpath=1
"7.[시청] Python, 파이썬, 파이선, 경력증빙. 금융, 은행, 00은행 통합 트래이딩 구축",서울 용산구,㈜이컴라인,http://www.jobkorea.co.kr//Recruit/GI_Read/31502089?Oem_Code=C1&logpath=1
"(신입/경력) Python, C#, JAVA 개발자",인천 부평구,오상자이엘 ㈜,http://www.jobkorea.co.kr//Recruit/GI_Read/31321696?Oem_Code=C1&logpath=1
"[초긴급,,,,  (SCALA ,Python, SQL)모두가능자 - 기흥 ]",경기 용인시,㈜아이티사람들,http://www.jobkorea.co.kr//Recruit/GI_Read/31564744?Oem_Code=C1&logpath=1
"[ 초긴급 ,,,, (Python/C++/QT)개발자 - 화성 ]",경기 화성시,㈜아이티사람들,http://www.jobkorea.co.kr//Recruit/GI_Read/31564714?Oem_Code=C1&logpath=1
"[시청역] OO은행 통합 트래이딩 구축(Python/중급,고급)",서울 중구,이수정보㈜,http://www.jobkorea.co.kr//Recruit/GI_Read/31564336?Oem_Code=C1&logpath=1
[이천] SKH개발 Python Library개발경험자 중-고급1명 5.4-12.31,경기 이천시,키트넷,http://www.jobkorea.co.kr//Recruit/GI_Read/31564100?Oem_Code=C1&logpath=1
"[화성]대기업 생산효율 운영) python, QT 중/고급 유지보수모집",서울 전지역 외,인텍솔루션㈜,http://www.jobkorea.co.kr//Recruit/GI_Read/31562586?Oem_Code=C1&logpath=1
"Python(즉시/12월말/시청/중급,고급) 프로그래머를 모십니다.",서울 중구,㈜에이치와이소프트,http://www.jobkorea.co.kr//Recruit/GI_Read/31562377?Oem_Code=C1&logpath=1
Python 서버 개발자 모집,서울 강남구,아이메디신,http://www.jobkorea.co.kr//Recruit/GI_Read/31560466?Oem_Code=C1&logpath=1
[국비무료] 파이썬활용 데이터AI 융합인재 양성과정 교육생 모집,경기 성남시 외,성남여성인력개발센터,http://www.jobkorea.co.kr//Recruit/GI_Read/31559240?Oem_Code=C1&logpath=1
"서버,웹개발자-Python, 앱개발자-안드로이드,iOS 가능자 모집합니다(프리랜서,정규직채용가능)",경기 안양시,케이아이에스시스템즈,http://www.jobkorea.co.kr//Recruit/GI_Read/31558339?Oem_Code=C1&logpath=1
"프로그래머 채용 (WEB 프로그래밍, PHP, javascript, python)",대전 중구 외,씨더스농업회사법인,http://www.jobkorea.co.kr//Recruit/GI_Read/31552583?Oem_Code=C1&logpath=1
[경력] SI프로젝트 크롤링 엔진 개발자(파이썬) 모집(2개월),서울 영등포구,㈜아이비즈소프트웨어,http://www.jobkorea.co.kr//Recruit/GI_Read/31550345?Oem_Code=C1&logpath=1
[아토머스] 파이썬 웹 개발자 모집 공고,서울 강남구,㈜아토머스,http://www.jobkorea.co.kr//Recruit/GI_Read/31539888?Oem_Code=C1&logpath=1
"화성 CAE 시스템 운영 -Python & C++QT(중상,고급)",경기 화성시,씨투엠정보기술㈜,http://www.jobkorea.co.kr//Recruit/GI_Read/31538943?Oem_Code=C1&logpath=1
"[이천]대기업 내부 플랫폼 구축 중급,고급 개발자 모집(Java, Python)",경기 이천시,㈜아이엔에스시스템,http://www.jobkorea.co.kr//Recruit/GI_Read/31531483?Oem_Code=C1&logpath=1
[시청역] 금융SI  Python 개발자 채용,서울 전지역,아이티아이즈,http://www.jobkorea.co.kr//Recruit/GI_Read/31531174?Oem_Code=C1&logpath=1
"음악 데이터 처리 및 알고리즘 개발자 채용 (python 필수, 컴퓨터공학과 우대)",서울 서초구,업보트엔터,http://www.jobkorea.co.kr//Recruit/GI_Read/31530681?Oem_Code=C1&logpath=1
"비젼SW 연구개발,영상처리[c#/c++/openCV/Python] 개발 채용",서울 송파구,아이티컨버젼,http://www.jobkorea.co.kr//Recruit/GI_Read/31521701?Oem_Code=C1&logpath=1
"자사 솔루션 JAVA, Python 개발자(경력 3년 이상)",서울 서대문구 외,㈜코네티브커넥션,http://www.jobkorea.co.kr//Recruit/GI_Read/31519073?Oem_Code=C1&logpath=1
[암호화폐거래소 COINBIT 코인빗] 파이썬 Python Django 개발자,서울 강남구 외,AXIASOFT,http://www.jobkorea.co.kr//Recruit/GI_Read/31514305?Oem_Code=C1&logpath=1
소프트웨어 개발(python/Django) 채용,서울 영등포구,유니원아이앤씨㈜,http://www.jobkorea.co.kr//Recruit/GI_Read/31508275?Oem_Code=C1&logpath=1
정규직/계약직/프리랜서 경력 Python 백앤드 개발자 채용,서울 서초구,주식회사 셰어킴,http://www.jobkorea.co.kr//Recruit/GI_Read/31495207?Oem_Code=C1&logpath=1
파이썬 Python 개발자 모집,인천 연수구,㈜정인네트웍스,http://www.jobkorea.co.kr//Recruit/GI_Read/31493684?Oem_Code=C1&logpath=1
"개발자 채용 / 딥러닝, 리눅스, C/ Python, 디바이스, 프로그래밍 등",인천 연수구 외,(주)글로벌브릿지,http://www.jobkorea.co.kr//Recruit/GI_Read/31474475?Oem_Code=C1&logpath=1
파이썬 개발자 구합니다.,서울 도봉구,이지컴퓨터평생교육원,http://www.jobkorea.co.kr//Recruit/GI_Read/31472205?Oem_Code=C1&logpath=1
"[코리아IT아카데미 신촌] 프로그래밍(C, 파이썬, 자바, 안드로이드 등) 강사 채용",서울 서대문구,코리아정보보안아이티아카데미신촌,http://www.jobkorea.co.kr//Recruit/GI_Read/31467290?Oem_Code=C1&logpath=1
S/W 서버엔진개발  경력직 채용 (Python / Java외),서울 금천구,하몬소프트,http://www.jobkorea.co.kr//Recruit/GI_Read/31465977?Oem_Code=C1&logpath=1
테크 스타트업에서 Python & Django 웹 개발자 채용,서울 강남구,maclaurin,http://www.jobkorea.co.kr//Recruit/GI_Read/31456614?Oem_Code=C1&logpath=1
"IT(자바, 파이썬) 강사 채용",서울 강남구,㈜지아이티아카데미(강남아이티),http://www.jobkorea.co.kr//Recruit/GI_Read/31443037?Oem_Code=C1&logpath=1
이공계 전문기술 연수사업 연수생 모집 (파이썬 웹개발 실무),서울 구로구,동양미래대학교산학협력단,http://www.jobkorea.co.kr//Recruit/GI_Read/31428207?Oem_Code=C1&logpath=1
빅데이터분석(R과 Python) 강사 채용공고,서울 마포구,㈜몬드라곤 서울IT직업전문학교,http://www.jobkorea.co.kr//Recruit/GI_Read/31425205?Oem_Code=C1&logpath=1
파이썬 활용 빅데이터 분석가,서울 전지역,리얼데이터,http://www.jobkorea.co.kr//Recruit/GI_Read/31412571?Oem_Code=C1&logpath=1
분석 프로젝트 수행을 위한 파이썬 전문가 모집(경력 3년이상),서울 전지역,파인트리파트너스㈜,http://www.jobkorea.co.kr//Recruit/GI_Read/31394831?Oem_Code=C1&logpath=1
AI플랫폼 Python-Django 백엔드 엔지니어 모집,서울 영등포구,에이젠글로벌,http://www.jobkorea.co.kr//Recruit/GI_Read/31377882?Oem_Code=C1&logpath=1
"응용프로그램개발( 파이썬, C#, 임베디드) 및 IoT 개발자를 모십니다(신입/경력)",충북 청주시,도영아이씨티,http://www.jobkorea.co.kr//Recruit/GI_Read/31321784?Oem_Code=C1&logpath=1
"[바이오, 제약 팀] C#, Python, UI 프로그램 개발 경력직 채용",경기 성남시,㈜로봇앤드디자인,http://www.jobkorea.co.kr//Recruit/GI_Read/31320764?Oem_Code=C1&logpath=1
"[바이오, 제약 팀] C#, Python, UI 프로그램 개발 신입 채용",경기 성남시,㈜로봇앤드디자인,http://www.jobkorea.co.kr//Recruit/GI_Read/31320761?Oem_Code=C1&logpath=1
"빅데이터 전문가 모집(Data Engineer, Python 개발, 웹개발, 시각화)",서울 전지역,펜타시스템테크놀러지㈜,http://www.jobkorea.co.kr//Recruit/GI_Read/31304573?Oem_Code=C1&logpath=1
웹 개발 경력직 채용(Python & Django프레임워크 경력자 우대),서울 금천구,딕스코리아,http://www.jobkorea.co.kr//Recruit/GI_Read/31283799?Oem_Code=C1&logpath=1
인공지능(AI) & Python & 머신러닝 外 정규직 채용,서울 성동구,㈜스마디안,http://www.jobkorea.co.kr//Recruit/GI_Read/31268111?Oem_Code=C1&logpath=1
python 개발인턴 및 직원모집,경기 군포시,스팟인포,http://www.jobkorea.co.kr//Recruit/GI_Read/31255682?Oem_Code=C1&logpath=1
"Python 중급,고급 개발자 모집",서울 송파구,㈜파워젠,http://www.jobkorea.co.kr//Recruit/GI_Read/31224841?Oem_Code=C1&logpath=1
PHP / 퍼블리셔 / Python / Ruby   개발자 채용(각 1명씩),서울 강남구,몬스터큐브,http://www.jobkorea.co.kr//Recruit/GI_Read/31207776?Oem_Code=C1&logpath=1
"Deep Learning 연구/개발,  Python Application Programming,  Video/Image processing",서울 관악구,㈜에스프레소미디어,http://www.jobkorea.co.kr//Recruit/GI_Read/31185233?Oem_Code=C1&logpath=1
"[청년채움공제 가능] AI, ML 파이썬/자바 개발자 공고",부산 해운대구,데이터에듀,http://www.jobkorea.co.kr//Recruit/GI_Read/31157688?Oem_Code=C1&logpath=1
파이썬/자바스크립트 개발자 채용,서울 강남구,디노플러스㈜,http://www.jobkorea.co.kr//Recruit/GI_Read/31040009?Oem_Code=C1&logpath=1
[훈련수당 180만원지급] R프로그래밍과 파이썬을 활용한 빅데이터분석 전문가 취업지원 과정,서울 중구 외,에이치비아이기술연구소,http://www.jobkorea.co.kr//Recruit/GI_Read/31565541?Oem_Code=C1&logpath=1
PHP/REACT/PYTHON/퍼블리셔 경력자 채용,서울 영등포구,행복쇼핑 주식회사,http://www.jobkorea.co.kr//Recruit/GI_Read/31560573?Oem_Code=C1&logpath=1
"모빌리티 기업,렌카(주) 부분별 개발자(파이썬,리엑트) 모집",서울 광진구,렌카㈜,http://www.jobkorea.co.kr//Recruit/GI_Read/31548547?Oem_Code=C1&logpath=1
"(python, tensorflow) 인공지능 음원 학습모델 개발/ 데이터 처리 연구직 채용",서울 서초구,업보트엔터,http://www.jobkorea.co.kr//Recruit/GI_Read/31521659?Oem_Code=C1&logpath=1
"[경력] 물류IT 웹서비스 백엔드 개발자 채용 (Python,Djang)",서울 강남구,㈜알고랩,http://www.jobkorea.co.kr//Recruit/GI_Read/31506306?Oem_Code=C1&logpath=1
[재직자교육]CCNA(네트워크)/자바스크립트/Vue.js/React/웹퍼블리싱/파이썬/인공지능 국비무료 IT직무교육,강원 전지역 외,TIS정보기술교육센터,http://www.jobkorea.co.kr//Recruit/GI_Read/31382802?Oem_Code=C1&logpath=1
[굿닥] 서버 개발자를 모집합니다 (Python & PHP),서울 강남구,㈜케어랩스,http://www.jobkorea.co.kr//Recruit/GI_Read/31342670?Oem_Code=C1&logpath=1
"2JOB을 원하시나요. 파이썬(데이터 분석), 머신러닝, 딥러닝 강사 모집. (재택근무-동영상강좌제작)",경기 수원시,㈜아이티고,http://www.jobkorea.co.kr//Recruit/GI_Read/31318086?Oem_Code=C1&logpath=1
"[데이터 분석 스타트업] UI/UX개발/고객행동분석 (Python, GA, Database)",서울 용산구 외,㈜온누리아이코리아,http://www.jobkorea.co.kr//Recruit/GI_Read/31261027?Oem_Code=C1&logpath=1
[이젠아카데미컴퓨터학원] 자바(JAVA) 파이썬(Python) 빅데이터분석과정,경기 전지역 외,㈜이젠아카데미,http://www.jobkorea.co.kr//Recruit/GI_Read/31234307?Oem_Code=C1&logpath=1
(주)앰진시큐러스 백엔드 개발자 모집(Python/Java/C/C++),서울 송파구,㈜앰진시큐러스,http://www.jobkorea.co.kr//Recruit/GI_Read/31150571?Oem_Code=C1&logpath=1
"[시청]Python(필수),경력증빙,중급,고급,즉시부터12월말",서울 전지역,㈜에스메이트,http://www.jobkorea.co.kr//Recruit/GI_Read/31562028?Oem_Code=C1&logpath=1
"개발, 분석(경력) 수시채용",경기 성남시,㈜윈스,http://www.jobkorea.co.kr//Recruit/GI_Read/31525223?Oem_Code=C1&logpath=1
각 부문별 경력사원 채용,경기 성남시,SK플래닛㈜,http://www.jobkorea.co.kr//Recruit/GI_Read/31515450?Oem_Code=C1&logpath=1
AI 사업본부 연구원/엔지니어 경력직 채용,서울 영등포구,㈜엠로,http://www.jobkorea.co.kr//Recruit/GI_Read/31511799?Oem_Code=C1&logpath=1
[코스닥상장사] 기업부설연구소 소프트웨어개발 경력&신입 모집,경기 성남시,㈜삼진엘앤디,http://www.jobkorea.co.kr//Recruit/GI_Read/31499433?Oem_Code=C1&logpath=1
[일본 기업] IT 엔지니어 (신입 / 일본근무 / 일본어 능통자),일본 전지역,(주) 마이나비코리아,http://www.jobkorea.co.kr//Recruit/GI_Read/31496058?Oem_Code=C1&logpath=1
인공지능(AI) 전문기업 솔트룩스 - 개발 경력직 모집,서울 강남구,㈜솔트룩스,http://www.jobkorea.co.kr//Recruit/GI_Read/31487290?Oem_Code=C1&logpath=1
(주)스포카(도도포인트) 프로그래머/PM/서비스 기획 채용,서울 강남구,Spoqa,http://www.jobkorea.co.kr//Recruit/GI_Read/31486132?Oem_Code=C1&logpath=1
[삼정KPMG] 감사 품질관리실 및 디지털 전문가 채용,서울 강남구,삼정KPMG (유),http://www.jobkorea.co.kr//Recruit/GI_Read/31485251?Oem_Code=C1&logpath=1
"자존감 넘치는 JAVA, JSP 신입 및 경력 개발자 모십니다.",서울 구로구 외,㈜비타소프트,http://www.jobkorea.co.kr//Recruit/GI_Read/31475361?Oem_Code=C1&logpath=1
이투스교육 개발자 신입/경력 4월 공개채용,서울 서초구,이투스교육㈜,http://www.jobkorea.co.kr//Recruit/GI_Read/31453151?Oem_Code=C1&logpath=1
"연구소 우수인재 모집(SW개발, HW개발, FW개발, 영상처리, AI, 기구설계, 영상개선개발)",경기 성남시,㈜제노레이,http://www.jobkorea.co.kr//Recruit/GI_Read/31468082?Oem_Code=C1&logpath=1
[개발]위메프오 서비스 서버개발자(정규직),서울 강남구,㈜위메프,http://www.jobkorea.co.kr//Recruit/GI_Read/31460243?Oem_Code=C1&logpath=1
[아프리카TV] 데이터기술 부문 채용,경기 성남시,㈜아프리카TV,http://www.jobkorea.co.kr//Recruit/GI_Read/31455509?Oem_Code=C1&logpath=1
[보안]보안솔루션 운영 담당자(정규직),서울 강남구,㈜위메프,http://www.jobkorea.co.kr//Recruit/GI_Read/31454735?Oem_Code=C1&logpath=1
[개발]신사업 프론트 개발자(정규직),서울 강남구,㈜위메프,http://www.jobkorea.co.kr//Recruit/GI_Read/31454677?Oem_Code=C1&logpath=1
[개발팀] 시스템엔지니어 모집,서울 동작구,카페24㈜,http://www.jobkorea.co.kr//Recruit/GI_Read/31452900?Oem_Code=C1&logpath=1
[Search & Clova] Commerce AI 기술 개발 신입/경력사원 모집,경기 성남시,㈜NAVER,http://www.jobkorea.co.kr//Recruit/GI_Read/31451377?Oem_Code=C1&logpath=1
[Search & Clova] NAVER Search 이미지 검색서버개발 신입/경력사원 모집,경기 성남시,㈜NAVER,http://www.jobkorea.co.kr//Recruit/GI_Read/31447217?Oem_Code=C1&logpath=1
[Search & Clova] 파파고 머신러닝 엔지니어 신입/경력사원 모집,경기 성남시,㈜NAVER,http://www.jobkorea.co.kr//Recruit/GI_Read/31446957?Oem_Code=C1&logpath=1
[Search & Clova] BigData and AI Platform S/W엔지니어 신입/경력사원 모집,경기 성남시,㈜NAVER,http://www.jobkorea.co.kr//Recruit/GI_Read/31446746?Oem_Code=C1&logpath=1
"기술연구소 정규직 연구인력(Java, C++, Python, 기타)을 모집합니다.",서울 송파구,㈜파인씨앤아이,http://www.jobkorea.co.kr//Recruit/GI_Read/31551299?Oem_Code=C1&logpath=1
"기초코딩(C,파이썬등) 교육강사채용",울산 남구 외,유씨에이컨설팅,http://www.jobkorea.co.kr//Recruit/GI_Read/31522891?Oem_Code=C1&logpath=1
"[서울시청역] Python 고급개발자(즉시-년말, 시청역)",서울 중구,㈜소프트윈텍,http://www.jobkorea.co.kr//Recruit/GI_Read/31504315?Oem_Code=C1&logpath=1
"Python, 기술원 챗봇 개발 운영 유경험자 모집",서울 송파구,㈜키트넷,http://www.jobkorea.co.kr//Recruit/GI_Read/31485626?Oem_Code=C1&logpath=1
"[공공기관 사이버 플랫폼 개발사업(Python,서울)]",서울 서초구,주식회사 시큐센,http://www.jobkorea.co.kr//Recruit/GI_Read/31466480?Oem_Code=C1&logpath=1
(국기) C언어&파이썬&자바기반 디지털컨버젼스C 강사님을 모집합니다.,서울 강서구,더조은아카데미,http://www.jobkorea.co.kr//Recruit/GI_Read/31401638?Oem_Code=C1&logpath=1
[이젠아카데미컴퓨터아트학원] 자바파이썬프로그래밍 빅데이터 강사모집,서울 종로구 외,이젠 컴퓨터학원,http://www.jobkorea.co.kr//Recruit/GI_Read/31382900?Oem_Code=C1&logpath=1
"JAVA,PYTHON 개발자(경력직) 정기 모집",서울 영등포구,글로벌비즈텍,http://www.jobkorea.co.kr//Recruit/GI_Read/31268013?Oem_Code=C1&logpath=1
MySQL/Python/Ajax/클라우드/PHP 외 정규직 모집,서울 성동구,서울벤처스,http://www.jobkorea.co.kr//Recruit/GI_Read/31219570?Oem_Code=C1&logpath=1
- 딥러닝에 관심이 있는사람 - 리눅스 환경에서 개발 경험이 있는사람 - C/ Python이 사용 가능한 사람 -LWM2M/OneM2M 플랫폼 기반 게이트웨이 및 디바이스 개발 경험자 - Mbed-OS를 활용한 mbed-cli 기반 프로그래밍 가능자 - 6LoWPAN 개발 경험자 - DTLS 개발 경험자,인천 연수구,(주)글로벌브릿지,http://www.jobkorea.co.kr//Recruit/GI_Read/31162151?Oem_Code=C1&logpath=1
데이터분석준전문가(ADsP) R Python 강사 (청년채움공제 가능),부산 해운대구,데이터에듀,http://www.jobkorea.co.kr//Recruit/GI_Read/31157257?Oem_Code=C1&logpath=1
"프로그래밍(Java, 파이썬), 빅데이터, AI, 리눅스 등 프리랜서 강사 모집",서울 금천구,㈜한국산업기술협회연수원,http://www.jobkorea.co.kr//Recruit/GI_Read/31146668?Oem_Code=C1&logpath=1
ICT본부 신입 채용,서울 서초구 외,현대자동차㈜,http://www.jobkorea.co.kr//Recruit/GI_Read/31561874?Oem_Code=C1&logpath=1
2020년 NH농협은행 IT부문 전문직 채용공고,경기 의왕시,농협은행IT부문,http://www.jobkorea.co.kr//Recruit/GI_Read/31534783?Oem_Code=C1&logpath=1
데이터분석 경력사원 모집,서울 성동구,㈜이마트,http://www.jobkorea.co.kr//Recruit/GI_Read/31517116?Oem_Code=C1&logpath=1
"하나금융융합기술원 AI·Bigdata 석,박사 연구원(경력직) 채용",서울 강남구,㈜하나금융티아이,http://www.jobkorea.co.kr//Recruit/GI_Read/31503232?Oem_Code=C1&logpath=1
[무료교육] 클라우드 / 블록체인 취업연계 교육생모집,서울 서초구 외,(특수법인)한국전파진흥협회,http://www.jobkorea.co.kr//Recruit/GI_Read/31486035?Oem_Code=C1&logpath=1
각 부문 신입 및 경력 채용,부산 전지역 외,오스템임플란트㈜,http://www.jobkorea.co.kr//Recruit/GI_Read/31516612?Oem_Code=C1&logpath=1
"SI개발 경력직 및 기술영업직 신입[서울,경기,대전,전주]공채",경기 전지역 외,㈜웨이버스,http://www.jobkorea.co.kr//Recruit/GI_Read/31507873?Oem_Code=C1&logpath=1
NC소프트 부문별 수시 채용,경기 성남시,㈜엔씨소프트,http://www.jobkorea.co.kr//Recruit/GI_Read/31375728?Oem_Code=C1&logpath=1
[건설사업부] 기술개발원 Data Analytics/Data Mining 담당 경력사원 채용 (정규직),서울 종로구,대림산업㈜,http://www.jobkorea.co.kr//Recruit/GI_Read/31538145?Oem_Code=C1&logpath=1
2020년 해커스교육그룹 신입 및 경력사원 채용,서울 서초구,㈜해커스어학원,http://www.jobkorea.co.kr//Recruit/GI_Read/31451005?Oem_Code=C1&logpath=1
2020 상반기 각부문별 직원 채용,서울 용산구,유한책임회사 앤서스랩코리아,http://www.jobkorea.co.kr//Recruit/GI_Read/31460027?Oem_Code=C1&logpath=1
[전액무료]IT프로그래밍 교육받고 취업하자,경기 안성시 외,휴먼교육센터,http://www.jobkorea.co.kr//Recruit/GI_Read/31439414?Oem_Code=C1&logpath=1
(주)넷타겟 Bio-IT 융합 연구소 AI 연구원 채용,대전 유성구,㈜넷타겟,http://www.jobkorea.co.kr//Recruit/GI_Read/31397371?Oem_Code=C1&logpath=1
2020년 상반기 캐롯손해보험 경력직 상시채용,서울 중구 외,캐롯손해보험㈜,http://www.jobkorea.co.kr//Recruit/GI_Read/31541183?Oem_Code=C1&logpath=1
[교육비전액지원]  4차 산업분야 교육과정 교육생 모집,서울 강서구,대한상공회의소 서울기술교육센터,http://www.jobkorea.co.kr//Recruit/GI_Read/31489255?Oem_Code=C1&logpath=1
[취업교육]자바&웹개발자 및 웹디자이너&웹퍼블리셔 양성 국비무료 취업연수생 모집,강원 전지역 외,TIS정보기술교육센터,http://www.jobkorea.co.kr//Recruit/GI_Read/31413688?Oem_Code=C1&logpath=1
부문별 수시 채용,서울 서초구,펍지 주식회사,http://www.jobkorea.co.kr//Recruit/GI_Read/31359124?Oem_Code=C1&logpath=1
"신입 및 경력직 채용[소프트웨어개발, 소프트웨어기술지원]",경기 화성시,㈜시스윈일렉트로닉스,http://www.jobkorea.co.kr//Recruit/GI_Read/31506739?Oem_Code=C1&logpath=1
[경력직 채용] AI 시스템 풀스텍 web 개발자,경기 성남시,마인즈랩,http://www.jobkorea.co.kr//Recruit/GI_Read/31563297?Oem_Code=C1&logpath=1
[개발]웹 서비스 개발자(정규직),서울 강남구,㈜위메프,http://www.jobkorea.co.kr//Recruit/GI_Read/31557159?Oem_Code=C1&logpath=1
[ 코박(COBAK) ] Front-end & Back-end 개발자 채용,경기 성남시,㈜판도라티비,http://www.jobkorea.co.kr//Recruit/GI_Read/31554005?Oem_Code=C1&logpath=1
[한국야쿠르트계열사] 웹프로그래머 경력직 채용,서울 마포구,㈜NE능률,http://www.jobkorea.co.kr//Recruit/GI_Read/31552264?Oem_Code=C1&logpath=1
[JOYCITY] 게임개발 병역특례 전문연구요원 모집 (신규편입/전직),경기 성남시,㈜조이시티,http://www.jobkorea.co.kr//Recruit/GI_Read/31551819?Oem_Code=C1&logpath=1
2020년 상반기 각 부문 신입/경력 채용,서울 전지역 외,더이앤엠㈜,http://www.jobkorea.co.kr//Recruit/GI_Read/31550684?Oem_Code=C1&logpath=1
(상암/경력무관) 외국계 IT기업 코드 개발자 모집,서울 전지역 외,보보스링크㈜,http://www.jobkorea.co.kr//Recruit/GI_Read/31550042?Oem_Code=C1&logpath=1
[개발]Data Scientist (정규직),서울 전지역,㈜위메프,http://www.jobkorea.co.kr//Recruit/GI_Read/31542072?Oem_Code=C1&logpath=1
[신입/경력]인공지능 기반 기술 개발 연구원 모집,서울 금천구,㈜환경과학기술,http://www.jobkorea.co.kr//Recruit/GI_Read/31540462?Oem_Code=C1&logpath=1
2020년 ㈜휴넷 웹 개발자 경력직 모집,서울 구로구,㈜휴넷,http://www.jobkorea.co.kr//Recruit/GI_Read/31535080?Oem_Code=C1&logpath=1
[Search&Clova] Clova AI 이미지/비디오 인식모델 개발 및 데이터 구축 신입/경력사원 모집,경기 성남시,㈜NAVER,http://www.jobkorea.co.kr//Recruit/GI_Read/31362412?Oem_Code=C1&logpath=1
"알앤비소프트(비에이템) 영업/기획,컨설팅/개발자 모집",경기 성남시,㈜알앤비소프트,http://www.jobkorea.co.kr//Recruit/GI_Read/31361092?Oem_Code=C1&logpath=1
빗썸 IT 전문인력 채용,서울 강남구,㈜빗썸코리아,http://www.jobkorea.co.kr//Recruit/GI_Read/31359108?Oem_Code=C1&logpath=1
머신러닝 엔지니어 모집,경기 성남시,카카오커머스,http://www.jobkorea.co.kr//Recruit/GI_Read/31358691?Oem_Code=C1&logpath=1
데이터 분석/엔지니어 모집,경기 성남시,카카오커머스,http://www.jobkorea.co.kr//Recruit/GI_Read/31358583?Oem_Code=C1&logpath=1
[시원스쿨] 웹개발팀 팀장 채용,서울 영등포구,에스제이더블유인터내셔널,http://www.jobkorea.co.kr//Recruit/GI_Read/31350968?Oem_Code=C1&logpath=1
[검색/추천] ML Engineer,서울 전지역 외,유한책임회사 딜리버리히어로코리아,http://www.jobkorea.co.kr//Recruit/GI_Read/31332678?Oem_Code=C1&logpath=1
[넥슨코리아] 정보보안 담당자 모집,경기 성남시,㈜넥슨,http://www.jobkorea.co.kr//Recruit/GI_Read/31285524?Oem_Code=C1&logpath=1
[밸런스 히어로] Devops Engineer,서울 강남구,㈜밸런스히어로,http://www.jobkorea.co.kr//Recruit/GI_Read/31275401?Oem_Code=C1&logpath=1
웹 개발자(PHP),서울 구로구,더치트주식회사,http://www.jobkorea.co.kr//Recruit/GI_Read/31275034?Oem_Code=C1&logpath=1
AI전문기업 (주)마음커넥트 신입 back-end 개발자 채용,경기 성남시,마인즈랩,http://www.jobkorea.co.kr//Recruit/GI_Read/31239986?Oem_Code=C1&logpath=1
[여기어때] Infrastructure Engineer (Jr./Sr.) 채용,서울 강남구,㈜여기어때컴퍼니,http://www.jobkorea.co.kr//Recruit/GI_Read/31236395?Oem_Code=C1&logpath=1
㈜kt NexR 2020년 상반기 각 부문별 채용,서울 서초구,㈜케이티넥스알,http://www.jobkorea.co.kr//Recruit/GI_Read/31226915?Oem_Code=C1&logpath=1
RM(데이터분석) 경력 모집,서울 강남구,페이레터㈜,http://www.jobkorea.co.kr//Recruit/GI_Read/31225744?Oem_Code=C1&logpath=1
[NHN Service] 기술지원 경력 채용,경기 성남시 외,엔에이치엔서비스㈜,http://www.jobkorea.co.kr//Recruit/GI_Read/31203186?Oem_Code=C1&logpath=1
인공지능(AI) 전문기업 솔트룩스 - 개발직 (차장 / 과장급),서울 강남구,㈜솔트룩스,http://www.jobkorea.co.kr//Recruit/GI_Read/31133145?Oem_Code=C1&logpath=1
인프라기반개발 모집,일본 도쿄,㈜ASCOM,http://www.jobkorea.co.kr//Recruit/GI_Read/31123007?Oem_Code=C1&logpath=1
고급 IT 엔지니어 모집,일본 도쿄,㈜ASCOM,http://www.jobkorea.co.kr//Recruit/GI_Read/31122998?Oem_Code=C1&logpath=1
인공지능(AI)기반 QA 개발 직군 채용,서울 관악구,포티투마루,http://www.jobkorea.co.kr//Recruit/GI_Read/31081401?Oem_Code=C1&logpath=1
[여기어때] 데이터 엔지니어 (DBA/DW구축) 채용,서울 강남구,㈜여기어때컴퍼니,http://www.jobkorea.co.kr//Recruit/GI_Read/31053309?Oem_Code=C1&logpath=1
[중고나라] 개발 부문 채용,서울 서초구,㈜중고나라,http://www.jobkorea.co.kr//Recruit/GI_Read/31435844?Oem_Code=C1&logpath=1
[메가존클라우드] 2020년 상반기 Enterprise Tech 부문 채용,서울 강남구,메가존,http://www.jobkorea.co.kr//Recruit/GI_Read/31426245?Oem_Code=C1&logpath=1
NHN godo : 인프라 플랫폼 개발자 채용,서울 구로구,엔에이치엔고도㈜,http://www.jobkorea.co.kr//Recruit/GI_Read/31433950?Oem_Code=C1&logpath=1
[메가존클라우드] 2020년 상반기 Tech 부문 채용,서울 강남구,메가존,http://www.jobkorea.co.kr//Recruit/GI_Read/31426238?Oem_Code=C1&logpath=1
[메가존] 2020년 상반기 구글클라우드 직무별 채용,서울 강남구,메가존㈜,http://www.jobkorea.co.kr//Recruit/GI_Read/31427125?Oem_Code=C1&logpath=1
[메가존클라우드] 2020년 상반기 Commercial Tech 부문 채용,서울 강남구,메가존,http://www.jobkorea.co.kr//Recruit/GI_Read/31426260?Oem_Code=C1&logpath=1
[메가존클라우드] 2020년 상반기 Cloud 운영 부문 채용,서울 강남구,메가존,http://www.jobkorea.co.kr//Recruit/GI_Read/31426234?Oem_Code=C1&logpath=1
"웹 기획 및 컨설팅 경력 인재를 찾습니다(빅데이터, 인공지능 경력자 우대).",서울 구로구 외,㈜비타소프트,http://www.jobkorea.co.kr//Recruit/GI_Read/31438743?Oem_Code=C1&logpath=1
다날 결제서비스 개발 기술지원 신입/경력자 모집,경기 성남시,㈜다날,http://www.jobkorea.co.kr//Recruit/GI_Read/31429222?Oem_Code=C1&logpath=1
다날 결제서비스 Web 개발(Front-end) 신입/경력자 모집,경기 성남시,㈜다날,http://www.jobkorea.co.kr//Recruit/GI_Read/31429107?Oem_Code=C1&logpath=1
[인턴십] Robotics Machine Learning Engineer,경기 성남시,네이버랩스,http://www.jobkorea.co.kr//Recruit/GI_Read/31426743?Oem_Code=C1&logpath=1
Data Analyst Intern,서울 강남구,마이뮤직테이스트,http://www.jobkorea.co.kr//Recruit/GI_Read/31415793?Oem_Code=C1&logpath=1
Cloud Platform & Application Architect 경력사원 모집,경기 이천시,SK하이닉스,http://www.jobkorea.co.kr//Recruit/GI_Read/31412367?Oem_Code=C1&logpath=1
[개발]위메프 패션 백엔드 개발자(정규직),서울 강남구,㈜위메프,http://www.jobkorea.co.kr//Recruit/GI_Read/31409867?Oem_Code=C1&logpath=1
[메가존] 정보보호 및 개인정보보호 담당자 (신입/경력),서울 강남구,메가존㈜,http://www.jobkorea.co.kr//Recruit/GI_Read/31400205?Oem_Code=C1&logpath=1
[개발]상담시스템 백엔드 개발자(정규직),서울 강남구,㈜위메프,http://www.jobkorea.co.kr//Recruit/GI_Read/31391527?Oem_Code=C1&logpath=1
[포티투마루] 인공지능 B2B서비스 신입/경력 기획자 모집,서울 관악구,포티투마루,http://www.jobkorea.co.kr//Recruit/GI_Read/31386909?Oem_Code=C1&logpath=1
[NHN] 검색개발 경력 채용,경기 성남시,엔에이치엔 주식회사,http://www.jobkorea.co.kr//Recruit/GI_Read/31379692?Oem_Code=C1&logpath=1
"[경력] 웹 개발자 채용 (대리/과장,팀장급)",서울 전지역 외,케이웨더㈜,http://www.jobkorea.co.kr//Recruit/GI_Read/31370997?Oem_Code=C1&logpath=1
[Search&Clova] Clova AI 이미지/비디오 인식모델 개발 및 데이터 구축 경력사원 모집 (Research Engineer),경기 성남시,㈜NAVER,http://www.jobkorea.co.kr//Recruit/GI_Read/31363499?Oem_Code=C1&logpath=1
Backend Developer,서울 전지역 외,유한책임회사 딜리버리히어로코리아,http://www.jobkorea.co.kr//Recruit/GI_Read/30890704?Oem_Code=C1&logpath=1
2020년 각 부문별 수시채용,서울 영등포구,㈜비투엔,http://www.jobkorea.co.kr//Recruit/GI_Read/31560044?Oem_Code=C1&logpath=1
[Microsoft Korea]기술지원직 (Technical Consultant) 채용,서울 전지역 외,아데코코리아,http://www.jobkorea.co.kr//Recruit/GI_Read/31559306?Oem_Code=C1&logpath=1
"[펜타시큐리티] 보안S/W 개발자 모집 (DB, 인증, 블록체인, 클라우드)",서울 영등포구,펜타시큐리티시스템㈜,http://www.jobkorea.co.kr//Recruit/GI_Read/31558147?Oem_Code=C1&logpath=1
[인어교주해적단] 웹서비스 백엔드/프론트엔드 개발자 모집,서울 영등포구 외,주식회사 더파이러츠(THE PIRATES),http://www.jobkorea.co.kr//Recruit/GI_Read/31553321?Oem_Code=C1&logpath=1
(주)트라이씨클 경력사원 채용 (IT 부문),서울 서초구,㈜트라이씨클,http://www.jobkorea.co.kr//Recruit/GI_Read/31550921?Oem_Code=C1&logpath=1
지니언스(주) - [엔드포인트보안연구개발실] 개발자 모집,경기 전지역 외,지니언스(주),http://www.jobkorea.co.kr//Recruit/GI_Read/31548279?Oem_Code=C1&logpath=1
JAVA 개발자 대규모 인재채용 [광고플랫폼 업계1위/청년친화강소기업],경기 전지역 외,㈜인라이플,http://www.jobkorea.co.kr//Recruit/GI_Read/31546636?Oem_Code=C1&logpath=1
[ KMPlayer ] MFC 개발 담당자 채용,경기 성남시,㈜판도라티비,http://www.jobkorea.co.kr//Recruit/GI_Read/31541974?Oem_Code=C1&logpath=1
[베스핀글로벌] Back-End 개발 채용,서울 서초구,베스핀글로벌㈜,http://www.jobkorea.co.kr//Recruit/GI_Read/31541661?Oem_Code=C1&logpath=1
인공지능(AI) 전문기업 솔트룩스 - 웹 / 모바일 서비스 기획자,서울 강남구,㈜솔트룩스,http://www.jobkorea.co.kr//Recruit/GI_Read/31535407?Oem_Code=C1&logpath=1
I-ON 상반기 기획 인턴 채용,서울 강남구 외,㈜아이온커뮤니케이션즈,http://www.jobkorea.co.kr//Recruit/GI_Read/31531321?Oem_Code=C1&logpath=1
MSA JAVA 개발자 (프리랜서) 채용,서울 강남구,메가존㈜,http://www.jobkorea.co.kr//Recruit/GI_Read/31524286?Oem_Code=C1&logpath=1
[유연근무제 진행중]프론트엔드 개발자 채용,서울 송파구,㈜해줌,http://www.jobkorea.co.kr//Recruit/GI_Read/31528409?Oem_Code=C1&logpath=1
"(복지우수,워라밸중시) 앱 개발자 부문 인재채용",경기 전지역 외,㈜인라이플,http://www.jobkorea.co.kr//Recruit/GI_Read/31527350?Oem_Code=C1&logpath=1
[토스뱅크] Server Developer (Product),서울 강남구,(주)비바리퍼블리카,http://www.jobkorea.co.kr//Recruit/GI_Read/31525451?Oem_Code=C1&logpath=1
관리직&정비직 채용,서울 강남구 외,엘앤티렉서스 주식회사,http://www.jobkorea.co.kr//Recruit/GI_Read/31506830?Oem_Code=C1&logpath=1
(상암/AI) 외국계 IT기업 휴대폰 기능(어플) 개발자 모집,서울 전지역 외,보보스링크㈜,http://www.jobkorea.co.kr//Recruit/GI_Read/31501746?Oem_Code=C1&logpath=1
2020 신입/경력 대졸공채(개발/사업/상품/UI·UX 담당자 모집),서울 영등포구 외,웹케시㈜,http://www.jobkorea.co.kr//Recruit/GI_Read/31478397?Oem_Code=C1&logpath=1
2020년 부문별 신입/경력 수시채용,서울 강남구,(주)티몬,http://www.jobkorea.co.kr//Recruit/GI_Read/31478772?Oem_Code=C1&logpath=1
[솔루션개발팀] 웹기획자 / JAVA웹개발자 채용,서울 강남구,㈜캐럿글로벌,http://www.jobkorea.co.kr//Recruit/GI_Read/31472802?Oem_Code=C1&logpath=1
2020년 IGS인재 채용,서울 영등포구,아이지에스㈜,http://www.jobkorea.co.kr//Recruit/GI_Read/31466831?Oem_Code=C1&logpath=1
(업계1위/청년친화강소기업) 빅데이터 분석.기획 분야 신입/경력(무관) 인재채용,경기 전지역 외,㈜인라이플,http://www.jobkorea.co.kr//Recruit/GI_Read/31465010?Oem_Code=C1&logpath=1
[포티투마루] B2B/B2G사업개발/기술영업 매니저/시니어 모집,서울 관악구,포티투마루,http://www.jobkorea.co.kr//Recruit/GI_Read/31463370?Oem_Code=C1&logpath=1
[개발팀] 개발자 신입/경력 채용,서울 동작구,카페24㈜,http://www.jobkorea.co.kr//Recruit/GI_Read/31455568?Oem_Code=C1&logpath=1
[개발]신사업 시스템엔지니어(정규직),서울 강남구,㈜위메프,http://www.jobkorea.co.kr//Recruit/GI_Read/31454668?Oem_Code=C1&logpath=1
[The SMC Group] 더에스엠씨그룹 개발사업본부 [서버/프론트엔드] 경력 채용,서울 강남구,㈜더에스엠씨그룹,http://www.jobkorea.co.kr//Recruit/GI_Read/31450988?Oem_Code=C1&logpath=1
[메가존클라우드] 2020년 상반기 Mass Migration 부문 채용,서울 강남구,메가존,http://www.jobkorea.co.kr//Recruit/GI_Read/31426255?Oem_Code=C1&logpath=1
[메가존클라우드] 2020년 상반기 DevOps 부문 채용,서울 강남구,메가존,http://www.jobkorea.co.kr//Recruit/GI_Read/31426241?Oem_Code=C1&logpath=1
[메가존클라우드] Application Performance Monitoring 직무별 채용,서울 강남구,메가존,http://www.jobkorea.co.kr//Recruit/GI_Read/31426257?Oem_Code=C1&logpath=1
[개발팀] Data Architecture 경력직 구인 공고 (6년차 이상),서울 강남구 외,야나두,http://www.jobkorea.co.kr//Recruit/GI_Read/31428903?Oem_Code=C1&logpath=1
Ericsson-LG Enterprise 경력 개발자 채용 (추가 모집),서울 금천구,에릭슨엘지(주),http://www.jobkorea.co.kr//Recruit/GI_Read/31427311?Oem_Code=C1&logpath=1
인공지능 전문기업 마인즈랩 병역특례 모집(현역/보충역),경기 성남시,마인즈랩,http://www.jobkorea.co.kr//Recruit/GI_Read/31422985?Oem_Code=C1&logpath=1
2020년 개발 부문 경력사원 모집,경기 성남시,NAVER Business Platform,http://www.jobkorea.co.kr//Recruit/GI_Read/31414631?Oem_Code=C1&logpath=1
[스마트스터디게임즈] 모바일 앱 개발자,서울 서초구,스마트스터디㈜,http://www.jobkorea.co.kr//Recruit/GI_Read/31413181?Oem_Code=C1&logpath=1
[네오플] 웹 개발자/웹디자이너 모집,제주 제주시,㈜네오플,http://www.jobkorea.co.kr//Recruit/GI_Read/31411533?Oem_Code=C1&logpath=1
[효성ITX] TA서비스/녹취 솔루션 개발 담당 경력사원 모집,서울 영등포구,효성ITX㈜,http://www.jobkorea.co.kr//Recruit/GI_Read/31399635?Oem_Code=C1&logpath=1
[QA팀] 솔루션/플랫폼 QA 담당자 모집,서울 동작구,카페24㈜,http://www.jobkorea.co.kr//Recruit/GI_Read/31404925?Oem_Code=C1&logpath=1
"[포티투마루] 인공지능 B2B서비스(챗봇,플랫폼) UI/UX 디자이너 모집",서울 관악구,포티투마루,http://www.jobkorea.co.kr//Recruit/GI_Read/31386717?Oem_Code=C1&logpath=1
Java 서버/응용 개발자 모집,경기 성남시,인포뱅크㈜,http://www.jobkorea.co.kr//Recruit/GI_Read/31379007?Oem_Code=C1&logpath=1
